{
	"format_version": "1.10.0",
	"animation_controllers": {
		"controller.animation.player.spleeping_check": {
			"states": {
				"default": {
					"transitions": [
						{
							"sleeping": "query.is_sleeping && query.is_alive"
						}
					]
				},
				"sleeping": {
					"on_entry": [
						"/tag @s add ms_is_sleeping",
						"/tag @a add ms_check"
					],
					"transitions": [
						{
							"default": "!query.is_sleeping"
						}
					],
					"on_exit":[
						"/tag @s remove ms_is_sleeping"
					]
				}
			}
		}
	}
}